split,dataset,run_id,controller,steps,grid_import_kwh,total_cost,carbon_kg,peak_kwh,ramping_kwh,agent_time_seconds,agreement_steps,changed_trade_steps,changed_trade_step_pct,predicted_grid_delta_mean,message_count,challenge_cost,comfort_cost,emissions_cost,grid_cost,resilience_cost,reserve_limited_step_pct,reserve_limited_peer_mean,selected_reserve_margin_min,challenge_cost_change_vs_chesca_pct,comfort_cost_change_vs_chesca_pct,emissions_cost_change_vs_chesca_pct,grid_cost_change_vs_chesca_pct,resilience_cost_change_vs_chesca_pct,grid_import_kwh_change_vs_chesca_pct,total_cost_change_vs_chesca_pct,carbon_kg_change_vs_chesca_pct,peak_kwh_change_vs_chesca_pct,ramping_kwh_change_vs_chesca_pct
public,citylearn_challenge_2023_phase_2_online_evaluation_1,1,chesca_official,2207,6491.3432289958,221.21694644505624,2870.9370426870883,15.888326644897461,2371.8534651994705,88.55816354599995,0,0,0.0,0.0,0,0.5365941524505615,0.07287482761303755,0.9504995446967058,0.8855656936823597,0.5133734250264996,,,,0.0,0.0,0.0,0.0,0.0,0.0,0.0,0.0,0.0,0.0
public,citylearn_challenge_2023_phase_2_online_evaluation_1,1,chesca_mesh,2207,6506.596293270588,220.52347744069993,2872.4511792827398,15.596223831176758,2302.2968715429306,95.82009881500005,2191,1862,84.98402555910543,-0.1738491297209835,39438,0.5332485437393188,0.07287482761303755,0.9511385424760572,0.8741859474263323,0.5133883088614845,,,,-0.6234895956215102,0.0,0.06722757342880038,-1.2850256437450935,0.00289922194240115,0.23497547020245185,-0.31347915044498614,0.05274015323701884,-1.838474373350777,-2.932583933918965
public,citylearn_challenge_2023_phase_2_online_evaluation_1,1,chesca_reserve_contract_mesh,2207,6503.011934429407,220.94000049913302,2872.4221528633498,15.567583084106445,2320.811523258686,100.69418651399997,2191,1388,63.35006846188955,-0.0358705622141706,39438,0.5341363549232483,0.07287482761303755,0.9511967308497034,0.877142959640056,0.5133711900002506,55.362848014605206,1.1405750798722045,-0.16634920835494993,-0.45803658427673205,0.0,0.07334944628721357,-0.9511134072143583,-0.0004353607218683355,0.1797579487321645,-0.12519201190221738,0.05172910984044107,-2.0187372022214967,-2.1519854700000143
public,citylearn_challenge_2023_phase_2_online_evaluation_2,2,chesca_official,2207,6485.68855214119,221.00552178791258,2868.1740433610976,15.642983436584473,2338.079015851021,96.83176493100018,0,0,0.0,0.0,0,0.5208621621131897,0.07144832092537468,0.951417928864675,0.8757043107112195,0.4719152412592904,,,,0.0,0.0,0.0,0.0,0.0,0.0,0.0,0.0,0.0,0.0
public,citylearn_challenge_2023_phase_2_online_evaluation_2,2,chesca_mesh,2207,6500.593954741955,220.38169758184813,2869.569230876863,15.5027494430542,2268.444081902504,97.37098870800014,2185,1852,84.75972540045767,-0.17281325005910003,39330,0.5185961127281189,0.07144832092537468,0.9519364883666738,0.868273826464071,0.47161933778193393,,,,-0.43505740095944245,0.0,0.05450386063436347,-0.8485152072751158,-0.06270267443934745,0.22981989469482542,-0.28226634385321225,0.04864375364510532,-0.8964657803210746,-2.9782968615015313
public,citylearn_challenge_2023_phase_2_online_evaluation_2,2,chesca_reserve_contract_mesh,2207,6496.513131171465,220.7467391754035,2869.6053349995054,15.87966537475586,2289.8883486390114,96.02153211500013,2185,1384,63.34096109839817,-0.02981401336840766,39330,0.5216169953346252,0.07144832092537468,0.952001297580099,0.8777166210855767,0.47222459082183654,55.74370709382151,1.1560640732265446,-0.09244084239006045,0.14491995701379293,0.0,0.0613157160197836,0.22979336172536297,0.06555193295318157,0.16689945783322746,-0.11709327912514073,0.04990253787844001,1.5130230056873628,-2.061122266839594
public,citylearn_challenge_2023_phase_2_online_evaluation_3,3,chesca_official,2207,6495.577850759029,220.8098488493124,2871.7045238651335,17.345685958862305,2347.9180196523666,88.42854982199992,0,0,0.0,0.0,0,0.46776631474494934,0.06723547351716723,0.9521155781596269,0.9031146143860781,0.2714991243479414,,,,0.0,0.0,0.0,0.0,0.0,0.0,0.0,0.0,0.0,0.0
public,citylearn_challenge_2023_phase_2_online_evaluation_3,3,chesca_mesh,2207,6509.149855315685,219.99704836448655,2872.447364400141,17.222145080566406,2289.287887573242,93.12321111699998,2193,1875,85.49931600547195,-0.1709871818262144,39474,0.45703965425491333,0.06702503580672951,0.952528191895157,0.8967884453529817,0.24214263939074385,,,,-2.2931665132588153,-0.3129861357843868,0.043336517645021264,-0.7004835191817567,-10.81273651533975,0.20894221989918804,-0.36809974240801985,0.025867582435243047,-0.712228265799881,-2.497111551101143
public,citylearn_challenge_2023_phase_2_online_evaluation_3,3,chesca_reserve_contract_mesh,2207,6507.33137562871,220.48766556032933,2873.6780394762754,17.501455307006836,2303.614205777645,94.29673772499996,2193,1389,63.33789329685362,-0.035052485475358344,39474,0.4577721953392029,0.06687184953221971,0.9529046720522389,0.9026275265370121,0.23877312940325612,55.90515275877793,1.1595987232102143,-0.09244084239006045,-2.1365624438338995,-0.5408216316862492,0.08287795207986429,-0.05393422288899077,-12.05381233670023,0.18094656302682857,-0.14590983629672125,0.06872279493733194,0.898029334290727,-1.8869404086468555
private,citylearn_challenge_2023_phase_3_1,1,chesca_official,2207,15146.473406285048,513.1013546286849,6721.283707939088,30.452171325683594,4226.040989160538,176.74831879499993,0,0,0.0,0.0,0,0.5901687145233154,0.13031451527209315,0.9255833139116746,0.9577677056679241,0.5706189049930452,,,,0.0,0.0,0.0,0.0,0.0,0.0,0.0,0.0,0.0,0.0
private,citylearn_challenge_2023_phase_3_1,1,chesca_mesh,2207,15162.90113800764,511.47574605606496,6723.459507017396,29.626964569091797,4076.3092304468155,185.23349865199998,2163,1774,82.01571890892279,-0.31892490627091136,194670,0.5890981554985046,0.13071008883532165,0.9258273593729746,0.9435534722408733,0.5807879169576269,,,,-0.18139880994462595,0.30355295601764315,0.02636666603988252,-1.484100303542621,1.7821021833662491,0.108459119703578,-0.31682016778076294,0.03237177855977158,-2.709845376102331,-3.5430739810089964
private,citylearn_challenge_2023_phase_3_1,1,chesca_reserve_contract_mesh,2207,15158.122387349606,512.3539255018113,6723.096945911646,30.50296401977539,4140.698726892471,193.02196380900023,2163,1332,61.58113730929265,-0.06810014338345642,194670,0.594424843788147,0.1308153076905405,0.9258437100847807,0.9570756794483362,0.5849104277867956,60.887656033287094,2.4313453536754506,-0.09244084239006045,0.7211716175550337,0.384295193364852,0.028133196568297835,-0.07225407742322745,2.5045652481360623,0.07690886685031428,-0.1456689053987205,0.026977554457577393,0.16679498334806073,-2.019437636477322
private,citylearn_challenge_2023_phase_3_2,2,chesca_official,2207,15238.297836989164,514.8426823337795,6771.437829725444,27.787294387817383,4179.619470953941,184.60962892899988,0,0,0.0,0.0,0,0.5534442663192749,0.12928660574978054,0.9297149350593271,0.9265492815156726,0.4790732494010089,,,,0.0,0.0,0.0,0.0,0.0,0.0,0.0,0.0,0.0,0.0
private,citylearn_challenge_2023_phase_3_2,2,chesca_mesh,2207,15257.328761398792,513.3613547591958,6774.310940741561,26.91010856628418,4051.21531188488,194.41173774799972,2168,1781,82.14944649446494,-0.31976398762677505,195120,0.5490137934684753,0.12936636032984894,0.9300702394082544,0.9143428127866138,0.47631329487453133,,,,-0.800527373833823,0.061688200108488654,0.038216482873280284,-1.3174117095089848,-0.5761028255967949,0.12488878097284986,-0.2877243137396555,0.04242985150811803,-3.156787448574995,-3.0721495093369056
private,citylearn_challenge_2023_phase_3_2,2,chesca_reserve_contract_mesh,2207,15252.192880988121,514.122631052509,6775.971816807985,27.788976669311523,4100.132719278336,190.93986063700004,2168,1318,60.79335793357934,-0.05475296281234928,195120,0.55400550365448,0.12944295346710386,0.9303642967100001,0.9284744696285716,0.478646054766247,60.42435424354243,2.4252767527675276,-0.09244084239006045,0.10140810364476836,0.12093110219468994,0.06984524247010593,0.2077804334109157,-0.0891710474955669,0.09118501388802171,-0.1398585055160116,0.0669575235947315,0.006054139243143361,-1.9017700589251012
private,citylearn_challenge_2023_phase_3_3,3,chesca_official,2207,15242.20655414462,515.0349098694278,6770.69563242048,26.66653823852539,4225.00970685482,177.5337727330002,0,0,0.0,0.0,0,0.5595734715461731,0.12722502221126486,0.9297956977195575,0.9177530766560112,0.510334813038055,,,,0.0,0.0,0.0,0.0,0.0,0.0,0.0,0.0,0.0,0.0
private,citylearn_challenge_2023_phase_3_3,3,chesca_mesh,2207,15259.92137748003,513.4291963942815,6772.703359483741,25.686126708984375,4097.554709434509,195.12191560099973,2173,1792,82.46663598711459,-0.3146619025561178,195570,0.5610024929046631,0.1275100298440111,0.9301104283694869,0.9038237303448379,0.5286377768699435,,,,0.25537689528801666,0.2240185364424426,0.03384944140968714,-1.5177662342388767,3.5864619391590944,0.11622217080237766,-0.31176789075393224,0.029653187386644096,-3.676560942299613,-3.0166793987129314
private,citylearn_challenge_2023_phase_3_3,3,chesca_reserve_contract_mesh,2207,15255.221278846264,514.3686995296739,6773.669922411442,26.591793060302734,4143.130499243736,200.554562239,2173,1346,61.94201564657156,-0.06253036107329503,195570,0.5629892349243164,0.1273568435695013,0.9302523194418768,0.9170999967778726,0.5220899523370657,60.37735849056604,2.407731247123792,-0.09244084239006045,0.6104226793856256,0.10361276103182544,0.04910989838297046,-0.07116073971860502,2.303417089857471,0.08538609324976022,-0.12935246271418513,0.043928868648586146,-0.2802957682548806,-1.9379649584766627
